iter	CrossEntropy
0	0.6892822266
1	0.6826401774
